{"SPY": {"min": [677.0, 677.2100219726562, 677.0, 677.114990234375, 0.0], "max": [690.7949829101562, 690.8300170898438, 690.760009765625, 690.7899780273438, 15.418253898620605]}, "QQQ": {"min": [611.9500122070312, 612.9000244140625, 611.885009765625, 612.7000122070312, 0.0], "max": [624.2100219726562, 624.27001953125, 624.1199951171875, 624.219970703125, 16.62428092956543]}}